Well,Mutations,value,source
A1,V57K,1.245114446,esm
A2,D9A,1.236521006,esm
A3,V16K,1.204703331,esm
A4,N227S,1.200119019,esm
A5,T213S,1.197238922,esm
A6,E41K,1.166298151,esm
A7,I17R,1.163381338,esm
A8,S63N,1.160560966,esm
A9,V16R,1.156554222,esm
A10,Q10S,1.15086484,esm
A11,D186S,1.817333867,ev
A12,Q49L,1.592929516,ev
B1,A102Q,1.480487545,ev
B2,E115K,1.45683503,ev
B3,G109S,1.427836807,ev
B4,E32S,1.368576736,ev
B5,F190V,1.168279541,ev
B6,P208E,1.052748292,ev
B7,A52P,0.908950904,ev
B8,T189D,0.72142962,ev
B9,E32A,0.680228013,ev
B10,E43R,0.62576251,ev
B11,A102E,0.531127092,ev
B12,S99K,0.521765957,ev
C1,D61Q,0.51683856,ev
C2,F190I,0.486663392,ev
C3,E43Q,0.37903205,ev
C4,A102T,0.376594535,ev
C5,F190L,0.354118798,ev
C6,S118T,0.353193126,ev
C7,V57L,0.340343252,ev
C8,E43N,0.281811535,ev
C9,E43D,0.248865548,ev
C10,E43A,0.242793646,ev
C11,I44L,0.15548993,ev
C12,V60L,0.12571127,ev
D1,E32P,0.125678071,ev
D2,E33S,0.033538579,ev
D3,E43S,0.028251446,ev
D4,D186A,0.024009781,ev
D5,Y158R,0.007404954,ev
D6,D61K,0.004303284,ev
D7,S99N,-0.011521922,ev
D8,T62S,-0.029715454,ev
D9,A102R,-0.050617958,ev
D10,E115N,-0.051268182,ev
D11,A102N,-0.08941356,ev
D12,E32Q,-0.113674347,ev
E1,L101I,-0.210866667,ev
E2,Y183F,-0.221029253,ev
E3,F190C,-0.225547068,ev
E4,Y158G,-0.313708777,ev
E5,V202I,-0.325013289,ev
E6,S64A,-0.39924581,ev
E7,V195H,-0.419367812,ev
E8,E192K,-0.426242464,ev
E9,E33K,-0.439197682,ev
E10,E32D,-0.515344013,ev
E11,S111L,-0.519749047,ev
E12,E32K,-0.544749776,ev
F1,E115S,-0.545284999,ev
F2,E33P,-0.605916311,ev
F3,I44V,-0.651303323,ev
F4,G109E,-0.655694307,ev
F5,Y108S,-0.668499836,ev
F6,E33A,-0.692851558,ev
F7,L67N,-0.70682795,ev
F8,E42Q,-0.707742194,ev
F9,N105T,-0.717842702,ev
F10,E33T,-0.752900317,ev
F11,R51Q,-0.75630922,ev
F12,T189E,-0.770703982,ev
G1,S118E,-0.826702012,ev
G2,T130E,-0.830958693,ev
G3,V120L,-0.840361325,ev
G4,T130P,-0.841039232,ev
G5,E32G,-0.856252697,ev
G6,E205V,-0.858758609,ev
G7,E42D,-0.86908594,ev
G8,T130D,-0.872693207,ev
G9,E32N,-0.880058191,ev
G10,I56V,-0.881192634,ev
G11,Y158Q,-0.909371539,ev
G12,E33G,-0.91007438,ev
H1,E32T,-0.912718664,ev
H2,G109A,-0.916233514,ev
H3,Y158H,-0.920995408,ev
H4,L67R,-0.92657596,ev
H5,E159D,-0.934576542,ev
H6,F190M,-0.982853281,ev