Well,Mutations,value,source
A1,F190Y,6.840035439,both
A2,V124F,6.650679111,both
A3,V140T,5.62769413,both
A4,L55A,4.892131805,esm
A5,V124Y,4.590965271,esm
A6,Y116N,3.714400291,esm
A7,V178E,3.579543591,both
A8,P212E,3.544817209,esm
A9,S156R,3.388939142,both
A10,M84I,3.236352205,esm
A11,Y116R,3.19522953,esm
A12,S156Q,3.157285213,esm
B1,A24R,3.062193632,esm
B2,H209L,3.059348583,esm
B3,L55V,3.007553816,both
B4,L55P,2.918560743,esm
B5,Y116K,2.910292149,esm
B6,N105R,2.671562433,both
B7,M84V,2.6579597,esm
B8,Y158A,2.634431362,esm
B9,L55S,2.630338192,esm
B10,Y116Q,2.611057758,esm
B11,Y158S,2.563608646,both
B12,G77R,2.494864941,esm
C1,A210S,2.290994883,esm
C2,A24K,2.275919199,esm
C3,C39A,2.216464758,esm
C4,N105K,2.212106705,both
C5,V178P,2.208960533,esm
C6,K184A,2.115338802,esm
C7,T107L,2.095635414,both
C8,S111H,2.030424595,esm
C9,T175D,2.020877361,esm
C10,T25A,1.978663564,esm
C11,V178D,1.941738129,esm
C12,S63G,1.93336761,both
D1,M84L,1.922785044,esm
D2,F117I,1.906768084,esm
D3,F26L,1.878157735,esm
D4,L55T,1.875515938,esm
D5,D9S,1.870112896,esm
D6,S99T,1.867265821,both
D7,S156K,1.858532667,esm
D8,E148S,1.857919693,esm
D9,T189A,1.84586668,both
D10,T107R,1.812980771,esm
D11,L55G,1.763040543,esm
D12,T25E,1.752344012,esm
E1,K215E,1.724834681,esm
E2,E206D,1.716778755,both
E3,H79Y,1.713221073,both
E4,Y116S,1.705912113,esm
E5,E43G,1.644863605,both
E6,T213G,1.635159612,esm
E7,T30G,1.633499742,esm
E8,D61E,1.618040919,both
E9,T107K,1.61637795,esm
E10,Y116L,1.608964443,esm
E11,T175E,1.601955295,esm
E12,H28K,1.593230486,esm
F1,L67K,1.575310469,esm
F2,D9T,1.568873167,esm
F3,I17K,1.551440954,esm
F4,K113N,1.550989628,esm
F5,H209D,1.531404495,esm
F6,T213P,1.52618432,esm
F7,H58E,1.517344952,esm
F8,I56L,1.495947838,esm
F9,L55I,1.430410862,esm
F10,K184S,1.429356337,esm
F11,A24Q,1.41143322,esm
F12,H209N,1.411070347,esm
G1,H209E,1.395066023,esm
G2,V204I,1.376702785,both
G3,E43K,1.36793685,both
G4,V124L,1.364785671,esm
G5,F26I,1.336945772,esm
G6,Y158N,1.334055424,esm
G7,A102K,1.330325842,both
G8,D9Q,1.321862698,esm
G9,I17P,1.320436001,esm
G10,E41Q,1.313557863,esm
G11,V140S,1.303481579,esm
G12,P20R,1.302717209,esm
H1,S156T,1.298592806,esm
H2,Y172F,1.298518658,esm
H3,D164G,1.298145771,esm
H4,Y116H,1.278206348,esm
H5,K113H,1.272724867,esm
H6,F137Y,1.255663395,esm