Mutations,esm2_t36_3B_UR50D,Well,Well Position
Q106W,7.008279324,A1,A1
Q106Y,4.672385216,A3,A2
P19A,4.606356621,A5,A3
Q46T,4.566283703,A6,A4
G324A,4.212107182,A8,A5
Q416P,4.170774937,A9,A6
P19S,4.050305843,A10,A7
V266Q,3.771796465,A11,A8
V302D,3.680223942,A12,A9
G240A,3.65274334,B1,A10
P19T,3.407572746,B2,A11
Q416S,3.405108452,B3,A12
Q46S,3.386836052,B4,B1
A65L,3.357343197,B5,B2
P19V,3.316789627,B6,B3
F210L,3.251867294,B7,B4
R31K,3.227423668,B8,B5
T225D,3.18588233,B9,B6
H433Q,3.098227262,B12,B7
Q416A,3.056535006,C1,B8
V302S,3.051928043,C2,B9
V302N,3.037228107,C3,B10
K289N,2.923451662,C5,B11
G7A,2.874299049,C7,B12
M380L,2.868617535,C8,C1
M9L,2.847654343,C9,C2
V302G,2.808041573,C10,C3
D52Q,2.641820908,C11,C4
Q106H,2.622892857,C12,C5
A339M,2.602276325,D2,C6
P364N,2.590236425,D3,C7
G324V,2.553634167,D4,C8
G240S,2.518723488,D6,C9
Q46A,2.502664089,D8,C10
Q416T,2.42775178,D10,C11
L303P,2.381045818,D11,C12
S386A,2.362811565,D12,D1
T225N,2.31468153,E2,D2
Q46N,2.264971733,E4,D3
I124L,2.263594389,E5,D4
T160A,2.238593102,E6,D5
F213L,2.233488083,E7,D6
T193P,2.2191329,E8,D7
K139D,2.218788624,E9,D8
D52E,2.20428896,E10,D9
F13L,2.19878006,E11,D10
V302A,2.192982197,E12,D11
V266A,2.158409119,F2,D12
H433L,2.157906055,F3,E1
H433V,2.103464603,F5,E2
F183L,2.084822178,F7,E3
G309P,2.05527401,F8,E4
V266P,2.034003735,F9,E5
I15V,2.016123533,F10,E6
R305A,1.987630486,F11,E7
N89A,1.945090771,G4,E8
G7C,1.938533545,G5,E9
G187Q,1.932580113,G6,E10
A339V,1.931201458,G7,E11
G7L,1.90358758,G8,E12
H161T,1.891403913,G9,F1
H161R,1.889926434,G10,F2
I15A,1.889752626,G11,F3
T193A,1.865731478,G12,F4
G309A,1.853691697,H1,F5
V141M,1.84730649,H2,F6
V266S,1.810029268,H4,F7
T225E,1.77420783,H7,F8
V266K,1.770225286,H8,F9
V298A,1.746030927,H9,F10
H433K,1.730583191,H10,F11
I15L,1.728390217,H11,F12
H433A,1.720797539,A1,G1
N51Q,1.716499925,A2,G2
K226G,1.708497763,A3,G3
K422Q,1.707858801,A4,G4
E149K,1.707316041,A5,G5
N247Q,1.701819301,A6,G6
T411A,1.691328406,A7,G7
A339F,1.686814547,A8,G8
L303A,1.6738801,A9,G9
K306Q,1.668819189,A10,G10
G7S,1.666246176,A11,G11
G355A,1.663380146,A12,G12
Q304G,1.64592123,B1,H1
T25S,1.636075377,B2,H2
N221K,1.631939292,B3,H3
F82Y,1.620820999,B4,H4
N89K,1.614590406,B5,H5
Q106R,1.61237669,B6,H6
L201Q,1.596758842,B7,H7
N221S,1.587767005,B8,H8
V266H,1.580746889,B9,H9
G11A,1.569434285,B10,H10
T4L,1.559601903,B11,H11
D365Q,1.532050848,B12,H12