Well,Mutations,prediction_epistatic
A1,E316A,3.124618084
A2,Q154K,2.949530053
A3,R162Q,2.39374344
A4,A170G,2.197624987
A5,E48Q,2.16813141
A6,R162K,1.94264602
A7,E316P,1.870380026
A8,V298D,1.75308343
A9,I109V,1.686487679
A10,Q154P,1.564126638
A11,Q167R,1.426879908
A12,T158E,1.402131785
B1,E316K,1.393626086
B2,A339L,1.384348128
B3,E48D,1.342132767
B4,S157K,1.338429188
B5,E316N,1.334911439
B6,E404P,1.255088557
B7,L103V,1.230639595
B8,R162A,1.149852579
B9,G334A,1.125114653
B10,Q295R,1.084259383
B11,V298L,1.071023061
B12,N89S,1.063876368
C1,E48P,1.025906669
C2,V298S,0.955660122
C3,E316D,0.913009742
C4,E48K,0.903649821
C5,S157P,0.889041448
C6,Q362R,0.87114438
C7,Q154R,0.8488627
C8,Q154S,0.805040513
C9,V302T,0.780996944
C10,K319R,0.742204731
C11,T158A,0.72914412
C12,E316T,0.684325208
D1,S173N,0.67845502
D2,T318N,0.677016736
D3,Q154H,0.67413155
D4,N89E,0.595321136
D5,L103I,0.580689461
D6,L303G,0.565766452
D7,H161L,0.525885568
D8,E48A,0.507957637
D9,A105V,0.489663628
D10,N89Q,0.479133971
D11,G334S,0.464268466
D12,Q369R,0.444632131
E1,E316S,0.434640106
E2,Q154T,0.393703476
E3,S173E,0.349085405
E4,A262E,0.318717522
E5,T158K,0.30629391
E6,S173A,0.301347568
E7,N247Y,0.281191504
E8,V302E,0.274680381
E9,Q154A,0.239051217
E10,H257G,0.224446258
E11,E316G,0.204846753
E12,H161Q,0.203823524
F1,N366G,0.180622818
F2,E316L,0.162408634
F3,R162D,0.14052922
F4,R305T,0.132241036
F5,V302Q,0.112381106
F6,T158Q,0.102029503
F7,S315P,0.101194808
F8,R162E,0.100584154
F9,V266R,0.080017318
F10,V266E,0.05792375
F11,T25P,0.043927376
F12,I189V,0.01868068
G1,Q154D,0.01551042
G2,T318A,0.005589343
G3,L320V,-0.024591171
G4,S173D,-0.044398425
G5,R305G,-0.107797472
G6,Q345G,-0.110004555
G7,E174T,-0.125251131
G8,T28Q,-0.134894773
G9,E48S,-0.149527983
G10,Q345D,-0.153337383
G11,R305Q,-0.154082873
G12,N366D,-0.154312557
H1,L303Q,-0.156357811
H2,T25D,-0.160626746
H3,Q295D,-0.164181345
H4,L303S,-0.164437675
H5,S248A,-0.16612031
H6,E48R,-0.219737637
H7,R305S,-0.241045009
H8,E174A,-0.244111736
H9,T25G,-0.278659967
H10,S157A,-0.279288911
H11,A166E,-0.288053576
H12,S157N,-0.305693054